ea7fc503-7300-43e3-a1a2-9fd31ebb4810,RW,RWA,Rwanda,,Kigali,RWF,Franc,"['w,en-RW,fr-RW,s']",250,.rw,,,"['Z,CD,BI,U']",,,
f4d73db1-b830-4f54-a1d8-b01d8c6bb61e,MU,MUS,Mauritius,,Port Louis,MUR,Rupee,"['n-MU,bho,f']",230,.mu,,,,,,
b9a62546-6188-49f0-a29f-52e203f82b39,LU,LUX,Luxembourg,,Luxembourg,EUR,Euro,"['b,de-LU,fr-L']",352,.lu,L-####,^(?:L-)?d{4}$,"['E,BE,F']",,,
24f76057-2d8b-4508-9fe0-2984a4603970,CX,CXR,Christmas Island,,Flying Fish Cove,AUD,Dollar,"['n,zh,ms-C']",61,.cx,####,^(d{4})$,,,,
8e2fec5d-b293-45ea-b74c-cc8bc235845b,CU,CUB,Cuba,,Havana,CUP,Peso,['s-C'],53,.cu,CP #####,^(?:CP)*(d{5})$,,,,
af4c3362-3f63-4ae5-a0af-6cf961e84f82,MK,MKD,Macedonia,,Skopje,MKD,Denar,"['k,sq,tr,rmm,s']",389,.mk,####,^(d{4})$,"['L,GR,BG,RS,X']",,,
bf56b400-dc12-4c34-85ce-c97970080824,MA,MAR,Morocco,,Rabat,MAD,Dirham,"['r-MA,ber,f']",212,.ma,#####,^(d{5})$,"['Z,EH,E']",,,
e1072593-592d-4f36-97e2-2aff8d4d5647,TL,TLS,East Timor,,Dili,USD,Dollar,"['et,pt-TL,id,e']",670,.tl,,,,,,
e50f89ed-ecde-4022-9ac0-965d5a04d9c5,SS,SSD,South Sudan,,Juba,SSP,Pound,,211,,,,"['D,CF,ET,KE,SD,UG']",,,
08c2ffb9-1977-4f26-ad41-dfb6f88e0a5d,SY,SYR,Syria,,Damascus,SYP,Pound,"['r-SY,ku,hy,arc,fr,e']",963,.sy,,,"['Q,JO,IL,TR,L']",,,
050e57ca-579b-4c9d-b526-04505b8a1d75,AX,ALA,Aland Islands,,Mariehamn,EUR,Euro,['v-A'],+358-18,.ax,#####,^(?:FI)*(d{5})$,,,,
7b17ac57-81fb-4cd7-84a0-b62a80389345,GQ,GNQ,Equatorial Guinea,,Malabo,XAF,Franc,"['s-GQ,f']",240,.gq,,,"['A,C']",,,
419ac43d-b02a-4f55-80f0-97874ac4c1a8,MT,MLT,Malta,,Valletta,EUR,Euro,"['t,en-M']",356,.mt,@@@ ####,^[A-Z]{3}s?d{4}$,,,,
9a26dcfd-15ca-43e1-ab02-c9ca3694d359,LI,LIE,Liechtenstein,,Vaduz,CHF,Franc,['e-L'],423,.li,####,^(d{4})$,"['H,A']",,,
ca61c0cc-bda1-4e28-8baf-4539ec38862c,YE,YEM,Yemen,,Sanaa,YER,Rial,['r-Y'],967,.ye,,,"['A,O']",,,
4c5f90cf-4f25-4863-9a7c-4ff5d5f92a10,PA,PAN,Panama,,Panama City,PAB,Balboa,"['s-PA,e']",507,.pa,,,"['R,C']",,,
b62cd3bd-0c99-454c-8c16-1afe2757a508,CL,CHL,Chile,,Santiago,CLP,Peso,['s-C'],56,.cl,#######,^(d{7})$,"['E,BO,A']",,,
7089ad56-a010-45dd-8693-e9986f3e0650,NA,NAM,Namibia,,Windhoek,NAD,Dollar,"['n-NA,af,de,hz,na']",264,.na,,,"['A,BW,ZM,A']",,,
dcf88e16-b4a6-4492-8f84-10633c80fb5a,MN,MNG,Mongolia,,Ulan Bator,MNT,Tugrik,"['n,r']",976,.mn,######,^(d{6})$,"['N,R']",,,
4efee927-e577-4fee-b122-48db99f581e0,DZ,DZA,Algeria,,Algiers,DZD,Dinar,['r-D'],213,.dz,#####,^(d{5})$,"['E,EH,LY,MR,TN,MA,M']",,,
7c50ac92-4bcf-4231-b378-cbb9086f5fdc,MO,MAC,Macao,,Macao,MOP,Pataca,"['h,zh-MO,p']",853,.mo,,,,,,
8ea9137e-4571-4c39-838b-4a95d4c426ce,HR,HRV,Croatia,,Zagreb,HRK,Kuna,"['r-HR,s']",385,.hr,#####,^(?:HR)*(d{5})$,"['U,SI,BA,ME,R']",,,
3828b3d9-535d-4f07-925b-72e728a3b44c,IL,ISR,Israel,,Jerusalem,ILS,Shekel,"['e,ar-IL,en-IL']",972,.il,#####,^(d{5})$,"['Y,JO,LB,EG,P']",,,
cdb62bde-fecf-4368-b672-2fcad716edc6,SL,SLE,Sierra Leone,,Freetown,SLL,Leone,"['n-SL,men,te']",232,.sl,,,"['R,G']",,,
4cc5efc5-4186-48fe-9236-adf97537cc7a,CI,CIV,Ivory Coast,,Yamoussoukro,XOF,Franc,['r-C'],225,.ci,,,"['R,GH,GN,BF,M']",,,
b0083096-a7ce-4c00-9a2b-9671866cb9ca,SO,SOM,Somalia,,Mogadishu,SOS,Shilling,"['o-SO,ar-SO,it,en-S']",252,.so,@@  #####,^([A-Z]{2}d{5})$,"['T,KE,D']",,,
45ebb2fd-53b8-4dfb-a353-a350c6934bfe,IN,IND,India,,New Delhi,INR,Rupee,"['n-IN,hi,bn,te,mr,ta,ur,gu,kn,ml,or,pa,as,bh,sat,ks,ne,sd,kok,doi,mni,sit,sa,fr,lus,in']",91,.in,######,^(d{6})$,"['N,NP,MM,BT,PK,B']",,,
f32de9e6-7487-4fe3-aac6-8cc5ff33a6fb,MW,MWI,Malawi,,Lilongwe,MWK,Kwacha,"['y,yao,tum,sw']",265,.mw,,,"['Z,MZ,Z']",,,
ba161cfb-2695-4172-94d5-d318b38df54b,FI,FIN,Finland,,Helsinki,EUR,Euro,"['i-FI,sv-FI,sm']",358,.fi,#####,^(?:FI)*(d{5})$,"['O,RU,S']",,,
7737cbde-4595-419f-a861-e08d51ccb0cd,US,USA,United States,,Washington,USD,Dollar,"['n-US,es-US,haw,f']",1,.us,#####-####,^d{5}(-d{4})?$,"['A,MX,C']",,,
83cd3d92-0c6e-4fda-82a2-ea79cdcc1208,WF,WLF,Wallis and Futuna,,Mata Utu,XPF,Franc,"['ls,fud,fr-W']",681,.wf,#####,^(986d{2})$,,,,
84e3ec68-044b-4c2d-abdb-a78480a44a14,KN,KNA,Saint Kitts and Nevis,,Basseterre,XCD,Dollar,['n-K'],+1-869,.kn,,,,,,
849ebe3f-1603-48fd-bacd-b319d1c40bfa,TH,THA,Thailand,,Bangkok,THB,Baht,"['h,e']",66,.th,#####,^(d{5})$,"['A,MM,KH,M']",,,
5b78fea8-e64e-4e19-8729-d4ff715aeeee,AS,ASM,American Samoa,,Pago Pago,USD,Dollar,"['n-AS,sm,t']",+1-684,.as,#####-####,96799,,,,
fec981d8-c06f-4a4a-bd82-4fedd03e93a8,GH,GHA,Ghana,,Accra,GHS,Cedi,"['n-GH,ak,ee,t']",233,.gh,,,"['I,TG,B']",,,
020b8e6d-c7db-4a7e-a3aa-8b3b36edfedd,UY,URY,Uruguay,,Montevideo,UYU,Peso,['s-U'],598,.uy,#####,^(d{5})$,"['R,A']",,,
799a605c-e6a4-4d52-baf5-9ae76bbefccb,MP,MNP,Northern Mariana Islands,,Saipan,USD,Dollar,"['il,tl,zh,ch-MP,en-M']",+1-670,.mp,#####-####,^9695d{1}(-d{4})$,,,,
2ccbe9f8-a42a-48d6-8cbf-c1b81d844e91,HT,HTI,Haiti,,Port-au-Prince,HTG,Gourde,"['t,fr-H']",509,.ht,HT####,^(?:HT)*(d{4})$,,,,
0f54c83b-3184-4e40-abb2-7889cb64e79d,AG,ATG,Antigua and Barbuda,,St. John's,XCD,Dollar,['n-A'],+1-268,.ag,,,,,,
69a4c528-d761-49fb-9fe4-8c7c63f96a43,SN,SEN,Senegal,,Dakar,XOF,Franc,"['r-SN,wo,fuc,mn']",221,.sn,#####,^(d{5})$,"['N,MR,GW,GM,M']",,,
f1548445-e3ab-44e6-8521-6fefc9011183,CC,CCK,Cocos Islands,,West Island,AUD,Dollar,"['s-CC,e']",61,.cc,,,,,,
cf6ec0e9-7e34-460e-82fd-4bd9ede07d29,KI,KIR,Kiribati,,Tarawa,AUD,Dollar,"['n-KI,gi']",686,.ki,,,,,,
13052732-4d3f-4572-8bd4-0009caa8c528,PS,PSE,Palestinian Territory,,East Jerusalem,ILS,Shekel,['r-P'],970,.ps,,,"['O,IL,E']",,,
86296b30-c329-49d2-8db9-e763c76fe51b,GU,GUM,Guam,,Hagatna,USD,Dollar,"['n-GU,ch-G']",+1-671,.gu,969##,^(969d{2})$,,,,
4de45644-c913-46d8-afc9-f5712a642505,GN,GIN,Guinea,,Conakry,GNF,Franc,['r-G'],224,.gn,,,"['R,SN,SL,CI,GW,M']",,,
57476b82-902b-4e67-ae6b-60c86595011f,AM,ARM,Armenia,,Yerevan,AMD,Dram,,374,.am,######,^(d{6})$,"['E,IR,AZ,T']",,,
22494118-b133-4cbd-a193-a1b0c5b24e58,GT,GTM,Guatemala,,Guatemala City,GTQ,Quetzal,['s-G'],502,.gt,#####,^(d{5})$,"['X,HN,BZ,S']",,,
eae44794-5832-47bd-97d5-f67b2d70ba56,GP,GLP,Guadeloupe,,Basse-Terre,EUR,Euro,['r-G'],590,.gp,#####,^((97|98)d{3})$,,,,
5c656d4c-237b-46f5-aeb8-f3aecc09ef44,VC,VCT,Saint Vincent and the Grenadines,,Kingstown,XCD,Dollar,"['n-VC,f']",+1-784,.vc,,,,,,
6a89e739-1f49-4a8a-8335-85f2a297ae02,CA,CAN,Canada,,Ottawa,CAD,Dollar,"['n-CA,fr-CA,i']",1,.ca,@#@ #@#,^([ABCEGHJKLMNPRSTVXY]d[ABCEGHJKLMNPRSTVWXYZ]) ?(d[ABCEGHJKLMNPRSTVWXYZ]d)$ ,,,,
855e2851-34d3-4008-aeb4-9001e7fd533e,SA,SAU,Saudi Arabia,,Riyadh,SAR,Rial,['r-S'],966,.sa,#####,^(d{5})$,"['A,OM,IQ,YE,JO,AE,K']",,,
6436b3c5-5c58-4cf1-9ede-4c88c7e76463,BR,BRA,Brazil,,Brasilia,BRL,Real,"['t-BR,es,en,f']",55,.br,#####-###,^d{5}-d{3}$,"['R,PE,BO,UY,GY,PY,GF,VE,CO,A']",,,
17f137f0-4dfb-4be0-b2b2-3106ddeb40e3,NE,NER,Niger,,Niamey,XOF,Franc,"['r-NE,ha,kr,dj']",227,.ne,####,^(d{4})$,"['D,BJ,DZ,LY,BF,NG,M']",,,
25dd9948-7b8c-450c-b99e-6c592571000a,ZA,ZAF,South Africa,,Pretoria,ZAR,Rand,"['u,xh,af,nso,en-ZA,tn,st,ts,ss,ve,n']",27,.za,####,^(d{4})$,"['W,SZ,MZ,BW,NA,L']",,,
193992bd-2b0e-4b8a-a773-debd8ff27dfe,CF,CAF,Central African Republic,,Bangui,XAF,Franc,"['r-CF,sg,ln,k']",236,.cf,,,"['D,SD,CD,SS,CM,C']",,,
560a6ca5-5c80-4d0f-bfd5-0de5c546f9c6,TF,ATF,French Southern Territories,,Port-aux-Francais,EUR,Euro  ,,,.tf,,,,,,
efecbb6c-3e0f-48f8-9b09-339373190f39,CW,CUW,Curacao,, Willemstad,ANG,Guilder,"['l,pa']",599,.cw,,,,,,
e461dd7c-28ba-4126-9652-9d293c894cbc,AI,AIA,Anguilla,,The Valley,XCD,Dollar,['n-A'],+1-264,.ai,,,,,,
b8419c38-3bfd-4589-8490-8b709b57d213,GW,GNB,Guinea-Bissau,,Bissau,XOF,Franc,"['t-GW,po']",245,.gw,####,^(d{4})$,"['N,G']",,,
00778239-138a-41e8-b9ca-3756ecdf604d,LY,LBY,Libya,,Tripoli,LYD,Dinar,"['r-LY,it,e']",218,.ly,,,"['D,NE,DZ,SD,TN,E']",,,
07c81ffb-e88c-4f44-8fe7-ea42783da513,BB,BRB,Barbados,,Bridgetown,BBD,Dollar,['n-B'],+1-246,.bb,BB#####,^(?:BB)*(d{5})$,,,,
4f265d34-43d1-4b41-82ba-943d1539ab20,EE,EST,Estonia,,Tallinn,EUR,Euro,"['t,r']",372,.ee,#####,^(d{5})$,"['U,L']",,,
c9f70d82-d308-4f4a-8734-f831cf87dc19,LS,LSO,Lesotho,,Maseru,LSL,Loti,"['n-LS,st,zu,x']",266,.ls,###,^(d{3})$,,,,
b8549cca-da0c-40d0-8c3f-9d4d171e64a7,EG,EGY,Egypt,,Cairo,EGP,Pound,"['r-EG,en,f']",20,.eg,#####,^(d{5})$,"['Y,SD,IL,P']",,,
9551016a-3db1-4790-9d71-9051f29567c5,GS,SGS,South Georgia and the South Sandwich Islands,,Grytviken,GBP,Pound,,,.gs,,,,,,
f9a4b687-d740-466e-9bd7-343e7bf92681,SZ,SWZ,Swaziland,,Mbabane,SZL,Lilangeni,"['n-SZ,ss-S']",268,.sz,@###,^([A-Z]d{3})$,"['A,M']",,,
4d1d4075-37f6-42eb-af9c-658e329064c7,MX,MEX,Mexico,,Mexico City,MXN,Peso,['s-M'],52,.mx,#####,^(d{5})$,"['T,US,B']",,,
5330bc16-4675-4a01-8bf9-89ed22af4b45,RE,REU,Reunion,,Saint-Denis,EUR,Euro,['r-R'],262,.re,#####,^((97|98)(4|7|8)d{2})$,,,,
06c83c87-477f-453a-b82c-e5fbc08b0e23,DM,DMA,Dominica,,Roseau,XCD,Dollar,['n-D'],+1-767,.dm,,,,,,
4ef970ce-4d83-4cd9-92e6-d0784338cb72,CK,COK,Cook Islands,,Avarua,NZD,Dollar,"['n-CK,m']",682,.ck,,,,,,
4fe1e08f-d203-4711-934a-e697905f03e2,DO,DOM,Dominican Republic,,Santo Domingo,DOP,Peso,['s-D'],+1-809 and 1-829,.do,#####,^(d{5})$,,,,
92c098de-8dd3-49f8-9fd7-b1e7dfbea56c,BD,BGD,Bangladesh,,Dhaka,BDT,Taka,"['n-BD,e']",880,.bd,####,^(d{4})$,"['M,I']",,,
0a525655-f4a6-42c4-be18-4072279898de,PH,PHL,Philippines,,Manila,PHP,Peso,"['l,en-PH,fi']",63,.ph,####,^(d{4})$,,,,
f2c7515f-bb3d-4a10-bde3-e9bc384e900d,BJ,BEN,Benin,,Porto-Novo,XOF,Franc,['r-B'],229,.bj,,,"['E,TG,BF,N']",,,
9b23efc6-3192-41e7-9ee5-d337ca5f367e,TM,TKM,Turkmenistan,,Ashgabat,TMT,Manat,"['k,ru,u']",993,.tm,######,^(d{6})$,"['F,IR,UZ,K']",,,
08c34616-acaa-420c-97a0-61b23bc8f204,IO,IOT,British Indian Ocean Territory,,Diego Garcia,USD,Dollar,['n-I'],246,.io,,,,,,
9c383b14-9129-4864-806b-626ba9af9b4a,MV,MDV,Maldives,,Male,MVR,Rufiyaa,"['v,e']",960,.mv,#####,^(d{5})$,,,,
2b3b5280-35f4-4d48-9113-73467198c592,SV,SLV,El Salvador,,San Salvador,USD,Dollar,['s-S'],503,.sv,CP ####,^(?:CP)*(d{4})$,"['T,H']",,,
c1ed1355-f76f-498d-9dd1-579397a9bbb6,AR,ARG,Argentina,,Buenos Aires,ARS,Peso,"['s-AR,en,it,de,fr,g']",54,.ar,@####@@@,"^[A-Z]?d{4}[A-Z]{0,3}$","['L,BO,UY,PY,B']",,,
247a14f2-0f8e-4384-ba9b-4b63111361d3,PW,PLW,Palau,,Melekeok,USD,Dollar,"['au,sov,en-PW,tox,ja,fil,z']",680,.pw,96940,^(96940)$,,,,
466ca692-2998-4f0c-aa0d-80d1224ac411,BT,BTN,Bhutan,,Thimphu,BTN,Ngultrum,,975,.bt,,,"['N,I']",,,
1af9171b-281d-4d01-9328-3b028f8239b2,YT,MYT,Mayotte,,Mamoudzou,EUR,Euro,['r-Y'],262,.yt,#####,^(d{5})$,,,,
535720fc-1dbc-4ce7-8783-67750a52559f,TG,TGO,Togo,,Lome,XOF,Franc,"['r-TG,ee,hna,kbp,dag,h']",228,.tg,,,"['J,GH,B']",,,
e1b8e855-0966-4f0a-a3a5-3d36679998c3,ML,MLI,Mali,,Bamako,XOF,Franc,"['r-ML,b']",223,.ml,,,"['N,NE,DZ,CI,GN,MR,B']",,,
24a48f71-23ab-4830-b645-115784ea0461,NF,NFK,Norfolk Island,,Kingston,AUD,Dollar,['n-N'],672,.nf,####,^(d{4})$,,,,
fc203091-7f4b-4d28-a4c5-01301c87bef7,KR,KOR,South Korea,,Seoul,KRW,Won,"['o-KR,e']",82,.kr,SEOUL ###-###,^(?:SEOUL)*(d{6})$,,,,
7bb8b000-d320-4e5a-81c0-1d382a936eb6,BM,BMU,Bermuda,,Hamilton,BMD,Dollar,"['n-BM,p']",+1-441,.bm,@@ ##,^([A-Z]{2}d{2})$,,,,
33f54dae-ce78-4420-9d9c-42a6cce55570,LK,LKA,Sri Lanka,,Colombo,LKR,Rupee,"['i,ta,e']",94,.lk,#####,^(d{5})$,,,,
8274cb71-0af2-46d1-aefb-5676c42dafb0,NP,NPL,Nepal,,Kathmandu,NPR,Rupee,"['e,e']",977,.np,#####,^(d{5})$,"['N,I']",,,
117c066d-9ef8-4cea-97fd-b774358ac550,TV,TUV,Tuvalu,,Funafuti,AUD,Dollar,"['vl,en,sm,gi']",688,.tv,,,,,,
1496a0eb-093a-4e96-be69-790397341fc5,AD,AND,Andorra,,Andorra la Vella,EUR,Euro,,376,.ad,AD###,^(?:AD)*(d{3})$,"['S,F']",,,
3d65798e-6e44-4c7b-a184-ea6c2dafc10e,AF,AFG,Afghanistan,,Kabul,AFN,Afghani,"['a-AF,ps,uz-AF,t']",93,.af,,,"['M,CN,IR,TJ,PK,U']",,,
edaca335-4e43-4bc2-9a5e-473bd441bd8e,IT,ITA,Italy,,Rome,EUR,Euro,"['t-IT,de-IT,fr-IT,sc,ca,co,s']",39,.it,#####,^(d{5})$,"['H,VA,SI,SM,FR,A']",,,
c6e43aba-1c4b-4a92-a7bf-5b79c1e10c01,VG,VGB,British Virgin Islands,,Road Town,USD,Dollar,['n-V'],+1-284,.vg,,,,,,
3f56dea6-0ed9-42e3-930e-8724ee7c2776,CR,CRI,Costa Rica,,San Jose,CRC,Colon,"['s-CR,e']",506,.cr,#####,^(d{5})$,"['A,N']",,,
32dbdd6e-f143-47f0-9832-03955c359ae6,HM,HMD,Heard Island and McDonald Islands,,,AUD,Dollar,, ,.hm,,,,,,
b0a03a0f-5549-4487-99c3-a2b8d7f57bab,ER,ERI,Eritrea,,Asmara,ERN,Nakfa,"['a-ER,ar,tig,kun,ti-E']",291,.er,,,"['T,SD,D']",,,
51e37667-f45f-4ef3-a33c-dd4a6bb3b16d,BH,BHR,Bahrain,,Manama,BHD,Dinar,"['r-BH,en,fa,u']",973,.bh,#### ###,^(d{3}d?)$,,,,
7c3c3b85-3bdf-4ff6-b6a2-b90aa9080469,SX,SXM,Sint Maarten,,Philipsburg,ANG,Guilder,"['l,e']",599,.sx,,,,,,
3c096475-c5f7-4d87-ac95-416c8c920862,LR,LBR,Liberia,,Monrovia,LRD,Dollar,['n-L'],231,.lr,####,^(d{4})$,"['L,CI,G']",,,
d4026139-175c-4c54-b17a-b7f405ac2097,BG,BGR,Bulgaria,,Sofia,BGN,Lev,"['g,tr-BG,ro']",359,.bg,####,^(d{4})$,"['K,GR,RO,TR,R']",,,
d22beafe-f18d-4b27-a940-90057496cdfe,GR,GRC,Greece,,Athens,EUR,Euro,"['l-GR,en,f']",30,.gr,### ##,^(d{5})$,"['L,MK,TR,B']",,,
6969caa9-c5b2-4613-9160-2943e9aea1e6,GY,GUY,Guyana,,Georgetown,GYD,Dollar,['n-G'],592,.gy,,,"['R,BR,V']",,,
298366c0-8f16-4c4c-a92a-481ceccdc0a3,UM,UMI,United States Minor Outlying Islands,,,USD,Dollar ,['n-U'],1,.um,,,,,,
02eeaf56-4155-47e8-a799-b116f9439da1,BY,BLR,Belarus,,Minsk,BYR,Ruble,"['e,r']",375,.by,######,^(d{6})$,"['L,LT,UA,RU,L']",,,
4530fa2f-a0a2-4912-889c-22149a53a176,VE,VEN,Venezuela,,Caracas,VEF,Bolivar,['s-V'],58,.ve,####,^(d{4})$,"['Y,BR,C']",,,
81e60ec4-5fea-462c-93c9-8f761a8afefc,LC,LCA,Saint Lucia,,Castries,XCD,Dollar,['n-L'],+1-758,.lc,,,,,,
58866d3d-96d0-449a-94c4-66bfcc43e23c,FO,FRO,Faroe Islands,,Torshavn,DKK,Krone,"['o,da-F']",298,.fo,###,^(?:FO)*(d{3})$,,,,
a2293ce1-b0d0-4df5-b22c-dc592d497d6f,CH,CHE,Switzerland,,Bern,CHF,Franc,"['e-CH,fr-CH,it-CH,r']",41,.ch,####,^(d{4})$,"['E,IT,LI,FR,A']",,,
a50269d6-cabb-4851-a6ec-bbf4eae3d5a8,BS,BHS,Bahamas,,Nassau,BSD,Dollar,['n-B'],+1-242,.bs,,,,,,
49decef5-de34-4ccb-9d4f-17324ca2a82d,OM,OMN,Oman,,Muscat,OMR,Rial,"['r-OM,en,bal,u']",968,.om,###,^(d{3})$,"['A,YE,A']",,,
e16fb887-f9d0-4f04-aa25-74f8ccb160c5,MG,MDG,Madagascar,,Antananarivo,MGA,Ariary,"['r-MG,m']",261,.mg,###,^(d{3})$,,,,
b710124a-d527-44e9-bcf1-66a601af2da6,LA,LAO,Laos,,Vientiane,LAK,Kip,"['o,fr,e']",856,.la,#####,^(d{5})$,"['N,MM,KH,TH,V']",,,
23002097-f893-4f50-91d5-9e7f3badb575,CN,CHN,China,,Beijing,CNY,Yuan Renminbi,"['h-CN,yue,wuu,dta,ug,z']",86,.cn,######,^(d{6})$,"['A,BT,TJ,KZ,MN,AF,NP,MM,KG,PK,KP,RU,VN,I']",,,
f76ce6ff-4b28-4c93-8a8e-856e0d3a77c6,DE,DEU,Germany,,Berlin,EUR,Euro,,49,.de,#####,^(d{5})$,"['H,PL,NL,DK,BE,CZ,LU,FR,A']",,,
f630f9ab-f3ae-45d3-b816-8d2f19fa2e76,MD,MDA,Moldova,,Chisinau,MDL,Leu,"['o,ru,gag,t']",373,.md,MD-####,^MD-d{4}$,"['O,U']",,,
615048a8-1375-447d-bd96-61fb77e51c67,ET,ETH,Ethiopia,,Addis Ababa,ETB,Birr,"['m,en-ET,om-ET,ti-ET,so-ET,si']",251,.et,####,^(d{4})$,"['R,KE,SD,SS,SO,D']",,,
dcf10ba8-a7b5-4f36-a8cd-02c948abda39,PF,PYF,French Polynesia,,Papeete,XPF,Franc,"['r-PF,t']",689,.pf,#####,^((97|98)7d{2})$,,,,
67432b33-d5b4-4340-9cda-cac9e6e9c2c5,HU,HUN,Hungary,,Budapest,HUF,Forint,['u-H'],36,.hu,####,^(d{4})$,"['K,SI,RO,UA,HR,AT,R']",,,
e8ae2097-c213-48b4-967f-616ac3747258,MH,MHL,Marshall Islands,,Majuro,USD,Dollar,"['h,en-M']",692,.mh,#####-####,^969d{2}(-d{4})$,,,,
7035ca71-2d22-41a3-b1f6-6b8b3e215e6b,EH,ESH,Western Sahara,,El-Aaiun,MAD,Dirham,"['r,me']",212,.eh,,,"['Z,MR,M']",,,
8c2fa901-4cc0-4b1e-8bbe-1e998992472e,GL,GRL,Greenland,,Nuuk,DKK,Krone,"['l,da-GL,e']",299,.gl,####,^(d{4})$,,,,
e5e98244-6b16-4afb-a76d-5da53babda6a,BW,BWA,Botswana,,Gaborone,BWP,Pula,"['n-BW,tn-B']",267,.bw,,,"['W,ZA,N']",,,
18434ccc-9942-457a-b6a1-577b38aa20ec,IS,ISL,Iceland,,Reykjavik,ISK,Krona,"['s,en,de,da,sv,n']",354,.is,###,^(d{3})$,,,,
6a1f4808-44bc-4d30-85aa-901ef6006388,HK,HKG,Hong Kong,,Hong Kong,HKD,Dollar,"['h-HK,yue,zh,e']",852,.hk,,,,,,
e63c521a-91ec-49f5-b573-5d548c623eb5,PG,PNG,Papua New Guinea,,Port Moresby,PGK,Kina,"['n-PG,ho,meu,tp']",675,.pg,###,^(d{3})$,,,,
f868a339-0a76-48ae-8c6a-6c0be7f680d6,LV,LVA,Latvia,,Riga,EUR,Euro,"['v,ru,l']",371,.lv,LV-####,^(?:LV)*(d{4})$,"['T,EE,BY,R']",,,
57d8d855-52b7-422c-b57d-589d1e16e764,ME,MNE,Montenegro,,Podgorica,EUR,Euro,"['r,hu,bs,sq,hr,ro']",382,.me,#####,^(d{5})$,"['L,HR,BA,RS,X']",,,
d18e11c3-c97f-4366-a90f-bcfc56f328a3,BZ,BLZ,Belize,,Belmopan,BZD,Dollar,"['n-BZ,e']",501,.bz,,,"['T,M']",,,
1b345ecb-ca0d-47ab-a9be-8a4aaf965458,KE,KEN,Kenya,,Nairobi,KES,Shilling,"['n-KE,sw-K']",254,.ke,#####,^(d{5})$,"['T,TZ,SS,SO,U']",,,
d424a1e0-3092-48c6-bd86-7b882a2da037,RU,RUS,Russia,,Moscow,RUB,Ruble,"['u,tt,xal,cau,ady,kv,ce,tyv,cv,udm,tut,mns,bua,myv,mdf,chm,ba,inh,tut,kbd,krc,av,sah,no']",7,.ru,######,^(d{6})$,"['E,CN,BY,UA,KZ,LV,PL,EE,LT,FI,MN,NO,AZ,K']",,,
39e52f82-8317-49ae-8ff9-d8f29a45c265,PM,SPM,Saint Pierre and Miquelon,,Saint-Pierre,EUR,Euro,['r-P'],508,.pm,#####,^(97500)$,,,,
eb792395-99ae-4507-b752-6841495e5abe,VA,VAT,Vatican,,Vatican City,EUR,Euro,"['a,it,f']",379,.va,#####,^(d{5})$,,,,
5b6cf769-3c1b-4489-8bc3-38c9ab2f9a20,KG,KGZ,Kyrgyzstan,,Bishkek,KGS,Som,"['y,uz,r']",996,.kg,######,^(d{6})$,"['N,TJ,UZ,K']",,,
5e946899-ea7b-498d-8534-9288ee8a0e1b,CS,SCG,Serbia and Montenegro,,Belgrade,RSD,Dinar,"['u,hu,sq,s']",381,.cs,#####,^(d{5})$,"['L,HU,MK,RO,HR,BA,B']",,,
c0895674-eaa0-499e-a7be-b7192b838994,CD,COD,Democratic Republic of the Congo,,Kinshasa,CDF,Franc,"['r-CD,ln,k']",243,.cd,,,"['Z,CF,SS,RW,ZM,BI,UG,CG,A']",,,
c9067961-b084-4736-8e50-1233ff6218de,NC,NCL,New Caledonia,,Noumea,XPF,Franc,['r-N'],687,.nc,#####,^(d{5})$,,,,
506b058c-07b8-4642-bbee-b93adb082b81,MZ,MOZ,Mozambique,,Maputo,MZN,Metical,"['t-MZ,vm']",258,.mz,####,^(d{4})$,"['W,TZ,SZ,ZA,ZM,M']",,,
bc70ff76-e124-406d-8c98-441cd18a0d15,FR,FRA,France,,Paris,EUR,Euro,"['r-FR,frp,br,co,ca,eu,o']",33,.fr,#####,^(d{5})$,"['H,DE,BE,LU,IT,AD,MC,E']",,,
6653a6ca-14bf-4424-8b43-73cd30c8ceb0,PR,PRI,Puerto Rico,,San Juan,USD,Dollar,"['n-PR,es-P']",+1-787 and 1-939,.pr,#####-####,^00[679]d{2}(?:-d{4})?$,,,,
2ae93fca-2a8c-4eab-9d42-c689c3471672,TN,TUN,Tunisia,,Tunis,TND,Dinar,"['r-TN,f']",216,.tn,####,^(d{4})$,"['Z,L']",,,
0b07b85b-8b9b-4822-b8c3-d7fc6ca63d79,IR,IRN,Iran,,Tehran,IRR,Rial,"['a-IR,k']",98,.ir,##########,^(d{10})$,"['M,AF,IQ,AM,PK,AZ,T']",,,
ebe4daba-c2ba-40cf-9f7d-a9a9580d7e77,JM,JAM,Jamaica,,Kingston,JMD,Dollar,['n-J'],+1-876,.jm,,,,,,
080f50d2-7881-459e-9a39-c24983767df4,AQ,ATA,Antarctica,,,,,,,.aq,,,,,,
c0b99af3-9e3e-4d91-a057-3320137d8577,NZ,NZL,New Zealand,,Wellington,NZD,Dollar,"['n-NZ,m']",64,.nz,####,^(d{4})$,,,,
03243afa-e8c1-420c-aa73-dd3093e89bfe,KH,KHM,Cambodia,,Phnom Penh,KHR,Riels,"['m,fr,e']",855,.kh,#####,^(d{5})$,"['A,TH,V']",,,
1ca2279f-113d-424e-9c7f-99d2ccac3291,CO,COL,Colombia,,Bogota,COP,Peso,['s-C'],57,.co,,,"['C,PE,PA,BR,V']",,,
f50254d5-5aad-4f41-be2a-79417ca4315c,SC,SYC,Seychelles,,Victoria,SCR,Rupee,"['n-SC,fr-S']",248,.sc,,,,,,
cb4201fa-6b49-4d22-abfb-0d6cc453a501,AZ,AZE,Azerbaijan,,Baku,AZN,Manat,"['z,ru,h']",994,.az,AZ ####,^(?:AZ)*(d{4})$,"['E,IR,AM,TR,R']",,,
5cd7985a-18e0-4d14-8c00-e7fe6fb10bf9,JE,JEY,Jersey,,Saint Helier,GBP,Pound,"['s,en,de,da,sv,n']",+44-1534,.je,###,^(d{3})$,,,,
7f21ab51-d3ea-4e0f-aa08-74b3e27f2a67,BA,BIH,Bosnia and Herzegovina,,Sarajevo,BAM,Marka,"['s,hr-BA,sr-B']",387,.ba,#####,^(d{5})$,"['R,ME,R']",,,
f419f00e-3e74-484a-b433-0058d35a5def,NG,NGA,Nigeria,,Abuja,NGN,Naira,"['n-NG,ha,yo,ig,f']",234,.ng,######,^(d{6})$,"['D,NE,BJ,C']",,,
ed3281e5-ddf3-4ea3-ac1b-1cbff7c73f78,GB,GBR,United Kingdom,,London,GBP,Pound,"['n-GB,cy-GB,g']",44,.uk,@# #@@|@## #@@|@@# #@@|@@## #@@|@#@ #@@|@@#@ #@@|GIR0AA,,,,,
1c572892-efb2-43d4-9dc1-1c818044bda3,VI,VIR,U.S. Virgin Islands,,Charlotte Amalie,USD,Dollar,['n-V'],+1-340,.vi,#####-####,^008d{2}(?:-d{4})?$,,,,
a3c20802-d70e-4931-a6c6-90e82fb7429f,PE,PER,Peru,,Lima,PEN,Sol,"['s-PE,qu,a']",51,.pe,,,"['C,CL,BO,BR,C']",,,
e50eb7ff-0ef8-4384-bafe-21c6fe5b996c,GI,GIB,Gibraltar,,Gibraltar,GIP,Pound,"['n-GI,es,it,p']",350,.gi,,,,,,
b767db33-4e9e-4fb4-9177-1de8cc733888,RS,SRB,Serbia,,Belgrade,RSD,Dinar,"['r,hu,bs,ro']",381,.rs,######,^(d{6})$,"['L,HU,MK,RO,HR,BA,BG,ME,X']",,,
044fe334-b180-4cae-9dac-9a44b3c2e40b,HN,HND,Honduras,,Tegucigalpa,HNL,Lempira,['s-H'],504,.hn,@@####,^([A-Z]{2}d{4})$,"['T,NI,S']",,,
58eb9407-1731-401a-90b6-4ebdc2531445,AE,ARE,United Arab Emirates,,Abu Dhabi,AED,Dirham,"['r-AE,fa,en,hi,u']",971,.ae,,,"['A,O']",,,
11d4d091-d39f-4e8f-97c3-ef16f564095c,CV,CPV,Cape Verde,,Praia,CVE,Escudo,['t-C'],238,.cv,####,^(d{4})$,,,,
3b49b90f-78ff-4b55-a5ab-cbf328a8cfba,CZ,CZE,Czechia,,Prague,CZK,Koruna,"['s,s']",420,.cz,### ##,^d{3}s?d{2}$,"['L,DE,SK,A']",,,
d27e2c43-880e-448d-9034-457e5bd8e389,SH,SHN,Saint Helena,,Jamestown,SHP,Pound,['n-S'],290,.sh,STHL 1ZZ,^(STHL1ZZ)$,,,,
536e7555-51ab-4eef-8ee7-f7e53fefed49,LB,LBN,Lebanon,,Beirut,LBP,Pound,"['r-LB,fr-LB,en,h']",961,.lb,#### ####|####,^(d{4}(d{4})?)$,"['Y,I']",,,
f60b9c19-ccc9-4248-beec-d6d5a6b8eaf2,ES,ESP,Spain,,Madrid,EUR,Euro,"['s-ES,ca,gl,eu,o']",34,.es,#####,^(d{5})$,"['D,PT,GI,FR,M']",,,
acabd825-4149-422f-8c58-ffcf653ed5c2,IQ,IRQ,Iraq,,Baghdad,IQD,Dinar,"['r-IQ,ku,h']",964,.iq,#####,^(d{5})$,"['Y,SA,IR,JO,TR,K']",,,
1cf517f7-8acc-439e-8cbe-735a39d8a0dc,PL,POL,Poland,"{'ua': 'Poland UA', 'ru': 'Poland RU'}",Warsaw,PLN,Zloty,,48,.pl,##-###,^d{2}-d{3}$,"['E,LT,SK,CZ,BY,UA,R']",,,
042077a4-c3fb-4e4b-9be5-284588bc9571,QA,QAT,Qatar,,Doha,QAR,Rial,"['r-QA,e']",974,.qa,,,,,,
41f2fa68-b99a-4b45-8668-8d488f680b96,MF,MAF,Saint Martin,,Marigot,EUR,Euro,,590,.gp,### ###,,,,,
428672b6-e3e7-4e5f-a84f-9661a7bfb927,AU,AUS,Australia,,Canberra,AUD,Dollar,['n-A'],61,.au,####,^(d{4})$,,,,
f9e8e4b5-23e9-4057-ae31-6d7c5199183d,VU,VUT,Vanuatu,,Port Vila,VUV,Vatu,"['i,en-VU,fr-V']",678,.vu,,,,,,
cdd2663c-bbb8-44e2-9900-95ee718d0404,GM,GMB,Gambia,,Banjul,GMD,Dalasi,"['n-GM,mnk,wof,wo,f']",220,.gm,,,,,,
f1924aaf-bbf7-4789-a166-7ed7ddcf3087,MQ,MTQ,Martinique,,Fort-de-France,EUR,Euro,['r-M'],596,.mq,#####,^(d{5})$,,,,
1b5c3904-6ef2-4c42-9bb9-e0f93f15bca1,KP,PRK,North Korea,,Pyongyang,KPW,Won,['o-K'],850,.kp,###-###,^(d{6})$,"['N,KR,R']",,,
df415882-1dc4-4479-8d02-8aa2029ef634,IM,IMN,Isle of Man,,Douglas,GBP,Pound,['# #@@|@## #@@|@@# #@@|@@## #@@|@#@ #@@|@@#@ #@@|GIR0A'],+44-1624,.im,@# #@@,@## #@@,"['n,g']",,,
b1cff423-91fb-4f0d-979c-79a2e70d296d,CY,CYP,Cyprus,,Nicosia,EUR,Euro,"['l-CY,tr-CY,e']",357,.cy,####,^(d{4})$,,,,
ad79db22-f4cb-4976-894b-2d18d9d644b5,MR,MRT,Mauritania,,Nouakchott,MRO,Ouguiya,"['r-MR,fuc,snk,fr,mey,w']",222,.mr,,,"['N,DZ,EH,M']",,,
39154d0e-9673-44f0-8ada-83c52d42785a,DK,DNK,Denmark,,Copenhagen,DKK,Krone,"['a-DK,en,fo,de-D']",45,.dk,####,^(d{4})$,,,,
414caee0-7feb-47d7-bc5b-b42ea322340a,JP,JPN,Japan,,Tokyo,JPY,Yen,,81,.jp,###-####,^d{3}-d{4}$,,,,
2d576110-fe1c-487c-898f-9f3ee7ffdfeb,TO,TON,Tonga,,Nuku'alofa,TOP,Pa'anga,"['o,en-T']",676,.to,,,,,,
b6f7c994-1fea-42ed-a485-074a787bdf47,AL,ALB,Albania,,Tirana,ALL,Lek,"['q,e']",355,.al,,,"['K,GR,ME,RS,X']",,,
352dcfe9-8a95-4d59-9c94-65328189e19a,TZ,TZA,Tanzania,,Dodoma,TZS,Shilling,"['w-TZ,en,a']",255,.tz,,,"['Z,KE,CD,RW,ZM,BI,UG,M']",,,
9143a611-094d-44cf-ba7c-64958cc08135,GA,GAB,Gabon,,Libreville,XAF,Franc,['r-G'],241,.ga,,,"['M,GQ,C']",,,
7cbf1785-3e78-405b-a99a-6e2f2ffedab0,BO,BOL,Bolivia,,Sucre,BOB,Boliviano,"['s-BO,qu,a']",591,.bo,,,"['E,CL,PY,BR,A']",,,
fa67b26c-57f7-49db-b2ab-c14a2b917ec4,KM,COM,Comoros,,Moroni,KMF,Franc,"['r,fr-K']",269,.km,,,,,,
4bb2290a-9c60-41b8-83bd-66af7bc974c8,NR,NRU,Nauru,,Yaren,AUD,Dollar,"['a,en-N']",674,.nr,,,,,,
136b839b-ba82-49ba-b4b2-6c9f30ffe46c,SI,SVN,Slovenia,,Ljubljana,EUR,Euro,"['l,s']",386,.si,####,^(?:SI)*(d{4})$,"['U,IT,HR,A']",,,
ed2b32ce-2584-4fd7-bcec-d65d0b9af418,FM,FSM,Micronesia,,Palikir,USD,Dollar,"['n-FM,chk,pon,yap,kos,uli,woe,nkr,kp']",691,.fm,#####,^(d{5})$,,,,
b1115be9-f031-48af-958c-138f871303a0,DJ,DJI,Djibouti,,Djibouti,DJF,Franc,"['r-DJ,ar,so-DJ,a']",253,.dj,,,"['R,ET,S']",,,
caa8405c-4ccf-46d7-9876-f18c83d10c14,AO,AGO,Angola,,Luanda,AOA,Kwanza,['t-A'],244,.ao,,,"['D,NA,ZM,C']",,,
84236452-3d4f-4eb5-b200-e47f5bbe9ea5,UZ,UZB,Uzbekistan,,Tashkent,UZS,Som,"['z,ru,t']",998,.uz,######,^(d{6})$,"['M,AF,KG,TJ,K']",,,
5156a78e-0730-46e6-92d9-f8663c9f26c2,BE,BEL,Belgium,,Brussels,EUR,Euro,"['l-BE,fr-BE,de-B']",32,.be,####,^(d{4})$,"['E,NL,LU,F']",,,
0ec84009-89b1-41a6-b355-87b62fd42595,FJ,FJI,Fiji,,Suva,FJD,Dollar,"['n-FJ,f']",679,.fj,,,,,,
de366cdc-bb7c-4166-82c9-4df0e94f0922,GE,GEO,Georgia,,Tbilisi,GEL,Lari,"['a,ru,hy,a']",995,.ge,####,^(d{4})$,"['M,AZ,TR,R']",,,
a0481c72-a22b-4366-b5c9-09d0f3abb908,PK,PAK,Pakistan,,Islamabad,PKR,Rupee,"['r-PK,en-PK,pa,sd,ps,br']",92,.pk,#####,^(d{5})$,"['N,AF,IR,I']",,,
dcbbf1e0-b3ca-4aaf-ba78-a86423b0e59c,AT,AUT,Austria,,Vienna,EUR,Euro,"['e-AT,hr,hu,s']",43,.at,####,^(d{4})$,"['H,DE,HU,SK,CZ,IT,SI,L']",,,
c7504520-ceda-4265-8351-bc5aed3f7772,WS,WSM,Samoa,,Apia,WST,Tala,"['m,en-W']",685,.ws,,,,,,
1cc2f780-507e-45cf-8aab-49ba3150d61c,SG,SGP,Singapore,,Singapore,SGD,Dollar,"['mn,en-SG,ms-SG,ta-SG,zh-S']",65,.sg,######,^(d{6})$,,,,
cc53f712-59cf-4030-a69a-c5b19c0fdba6,TW,TWN,Taiwan,,Taipei,TWD,Dollar,"['h-TW,zh,nan,ha']",886,.tw,#####,^(d{5})$,,,,
dce5c30d-624c-4565-bc36-3dbf0f517901,ST,STP,Sao Tome and Principe,,Sao Tome,STD,Dobra,['t-S'],239,.st,,,,,,
47790e66-52cb-4a77-82d7-c5486c763b27,JO,JOR,Jordan,,Amman,JOD,Dinar,"['r-JO,e']",962,.jo,#####,^(d{5})$,"['Y,SA,IQ,IL,P']",,,
1a26bbef-656c-4961-af18-6d1469d4122b,MY,MYS,Malaysia,,Kuala Lumpur,MYR,Ringgit,"['s-MY,en,zh,ta,te,ml,pa,t']",60,.my,#####,^(d{5})$,"['N,TH,I']",,,
20607de7-4dd0-41e2-853d-c61660d72b23,XK,XKX,Kosovo,,Pristina,EUR,Euro,"['q,s']",,,,,"['S,AL,MK,M']",,,
73593a69-316a-4b4a-a77c-33291f238ea4,SE,SWE,Sweden,,Stockholm,SEK,Krona,"['v-SE,se,sma,fi-S']",46,.se,### ##,^(?:SE)?d{3}sd{2}$,"['O,F']",,,
26c69ac0-3fec-4164-b63d-9c0a29928c54,AW,ABW,Aruba,,Oranjestad,AWG,Guilder,"['l-AW,es,e']",297,.aw,,,,,,
feafed1a-527c-4326-910c-62b6b563908b,NO,NOR,Norway,,Oslo,NOK,Krone,"['o,nb,nn,se,f']",47,.no,####,^(d{4})$,"['I,RU,S']",,,
348ec840-1af5-40a3-a844-00d6ba8294fb,PN,PCN,Pitcairn,,Adamstown,NZD,Dollar,['n-P'],870,.pn,,,,,,
f28684ad-3d1e-4be2-aada-50b416609ffe,CM,CMR,Cameroon,,Yaounde,XAF,Franc,"['n-CM,fr-C']",237,.cm,,,"['D,CF,GA,GQ,CG,N']",,,
ad789a2e-3e6d-4c0a-ad40-5c5329ee2b57,UG,UGA,Uganda,,Kampala,UGX,Shilling,"['n-UG,lg,sw,a']",256,.ug,,,"['Z,KE,SS,CD,R']",,,
56312a49-1ac2-4d5f-8b5e-3a4e01d94fe4,TJ,TJK,Tajikistan,,Dushanbe,TJS,Somoni,"['g,r']",992,.tj,######,^(d{6})$,"['N,AF,KG,U']",,,
1539533e-25f9-478a-922e-35606a2ccc46,TD,TCD,Chad,,N'Djamena,XAF,Franc,"['r-TD,ar-TD,sr']",235,.td,,,"['E,LY,CF,SD,CM,N']",,,
d40ed9ab-3615-4808-afcd-066d3a658e51,RO,ROU,Romania,,Bucharest,RON,Leu,"['o,hu,ro']",40,.ro,######,^(d{6})$,"['D,HU,UA,BG,R']",,,
da13a243-856d-4e92-afad-c122394ec62b,MS,MSR,Montserrat,,Plymouth,XCD,Dollar,['n-M'],+1-664,.ms,,,,,,
fe81328c-87fc-4886-81d3-bc3f3c7a46f8,SB,SLB,Solomon Islands,,Honiara,SBD,Dollar,"['n-SB,tp']",677,.sb,,,,,,
ade4a8da-58d9-4ec2-91e2-ac78bcc82b17,ZM,ZMB,Zambia,,Lusaka,ZMW,Kwacha,"['n-ZM,bem,loz,lun,lue,ny,to']",260,.zm,#####,^(d{5})$,"['W,TZ,MZ,CD,NA,MW,A']",,,
9d8ae2ad-63b4-431b-b12e-00f8ceaba096,GF,GUF,French Guiana,,Cayenne,EUR,Euro,['r-G'],594,.gf,#####,^((97|98)3d{2})$,"['R,B']",,,
ddcc1ab7-b85b-40ee-9893-e252c00f2edd,NI,NIC,Nicaragua,,Managua,NIO,Cordoba,"['s-NI,e']",505,.ni,###-###-#,^(d{7})$,"['R,H']",,,
53a2b475-2999-4d97-b8b9-07676d128ffe,NU,NIU,Niue,,Alofi,NZD,Dollar,"['iu,en-N']",683,.nu,,,,,,
80291be9-ca21-4763-b9f3-56d40397a4c9,BV,BVT,Bouvet Island,,,NOK,Krone,,,.bv,,,,,,
b7cd6094-1800-4894-bd66-6c4a8aa8236f,EC,ECU,Ecuador,,Quito,USD,Dollar,['s-E'],593,.ec,@####@,^([a-zA-Z]d{4}[a-zA-Z])$,"['E,C']",,,
68d11031-3ead-4b2c-a58b-3f7d91169042,TK,TKL,Tokelau,,,NZD,Dollar,"['kl,en-T']",690,.tk,,,,,,
c1a36c9b-dceb-473e-b378-bb09f7b181ee,BL,BLM,Saint Barthelemy,,Gustavia,EUR,Euro,,590,.gp,### ###,,,,,
c4b20a51-eb38-4ab9-914a-aa9a774e5bce,AN,ANT,Netherlands Antilles,,Willemstad,ANG,Guilder,"['l-AN,en,e']",599,.an,,,,,,
cfbc2d9d-3955-460e-8a4d-6f6222610082,BQ,BES,"Bonaire, Saint Eustatius and Saba ",,,USD,Dollar,"['l,pap,e']",599,.bq,,,,,,
b4a76055-0098-4fd9-a723-b13202a46deb,KZ,KAZ,Kazakhstan,,Astana,KZT,Tenge,"['k,r']",7,.kz,######,^(d{6})$,"['M,CN,KG,UZ,R']",,,
aaadfac9-e07a-43ef-8c72-f6263992ec86,BI,BDI,Burundi,,Bujumbura,BIF,Franc,"['r-BI,r']",257,.bi,,,"['Z,CD,R']",,,
d988ae0b-22b7-4ba3-aaaa-5456daa5a17e,IE,IRL,Ireland,,Dublin,EUR,Euro,"['n-IE,ga-I']",353,.ie,@@@ @@@@,^[A-Z]d{2}$|^[A-Z]{3}[A-Z]{4}$,,,,
385dd1e2-da66-46f7-8ade-bbd392c16193,ZW,ZWE,Zimbabwe,,Harare,ZWL,Dollar,"['n-ZW,sn,nr,n']",263,.zw,,,"['A,MZ,BW,Z']",,,
3782d6f5-81b5-4a53-9e5e-bbcdb5215f59,SJ,SJM,Svalbard and Jan Mayen,,Longyearbyen,NOK,Krone,"['o,r']",47,.sj,####,^(d{4})$,,,,
595f3f33-942f-4e7e-8f60-87c8c9ebeab9,ID,IDN,Indonesia,,Jakarta,IDR,Rupiah,"['d,en,nl,j']",62,.id,#####,^(d{5})$,"['G,TL,M']",,,
a6f83729-e458-4256-9b68-ba9a16a4a154,SR,SUR,Suriname,,Paramaribo,SRD,Dollar,"['l-SR,en,srn,hns,j']",597,.sr,,,"['Y,BR,G']",,,
05dcf175-1fdd-4e98-a5c3-7cbefc29d6f9,BN,BRN,Brunei,,Bandar Seri Begawan,BND,Dollar,"['s-BN,en-B']",673,.bn,@@####,^([A-Z]{2}d{4})$,,,,
62feb67b-39e9-428e-9b6b-64e58703cd67,BF,BFA,Burkina Faso,,Ouagadougou,XOF,Franc,['r-B'],226,.bf,,,"['E,BJ,GH,CI,TG,M']",,,
dace6441-014e-4639-8d5d-2fea6c7dd286,SK,SVK,Slovakia,,Bratislava,EUR,Euro,"['k,h']",421,.sk,### ##,^d{3}s?d{2}$,"['L,HU,CZ,UA,A']",,,
3432686a-9d1d-42a2-80c9-4ad5292486e6,TT,TTO,Trinidad and Tobago,,Port of Spain,TTD,Dollar,"['n-TT,hns,fr,es,z']",+1-868,.tt,,,,,,
a98154b0-fa29-450c-8fbf-b1eee8bd6aa8,MC,MCO,Monaco,,Monaco,EUR,Euro,"['r-MC,en,i']",377,.mc,#####,^(d{5})$,,,,
151e3295-4575-4196-b542-bb0108c2bbc1,GD,GRD,Grenada,,St. George's,XCD,Dollar,['n-G'],+1-473,.gd,,,,,,
6f534ca5-6176-4f77-9774-f91e878659e0,GG,GGY,Guernsey,,St Peter Port,GBP,Pound,"['n,f']",+44-1481,.gg,@# #@@|@## #@@|@@# #@@|@@## #@@|@#@ #@@|@@#@ #@@|GIR0AA,,,,,
984ce5a6-078d-4cd4-8f1a-91a1566b3b25,SD,SDN,Sudan,,Khartoum,SDG,Pound,"['r-SD,en,fi']",249,.sd,#####,^(d{5})$,"['S,TD,EG,ET,ER,LY,C']",,,
419095d2-e5d8-48fa-b11b-b5a0bfe00e3a,PT,PRT,Portugal,,Lisbon,EUR,Euro,"['t-PT,mw']",351,.pt,####-###,"^d{4}-d{3}s?[a-zA-Z]{0,25}$",,,,
11bb0b16-4971-43bb-aca1-fe43fb4b19d8,KY,CYM,Cayman Islands,,George Town,KYD,Dollar,['n-K'],+1-345,.ky,,,,,,
698d3bdb-7545-4338-9df5-9c452568080f,FK,FLK,Falkland Islands,,Stanley,FKP,Pound,['n-F'],500,.fk,,,,,,
35dcae5f-9bbb-464c-ada0-0025215f2755,NL,NLD,Netherlands,,Amsterdam,EUR,Euro,"['l-NL,fy-N']",31,.nl,#### @@,^(d{4}[A-Z]{2})$,"['E,B']",,,
fe1efc98-0017-4076-957e-e9d2ea5732bc,UA,UKR,Ukraine,"{'ua': 'Ukraine UA', 'ru': 'Ukraine RU'}",Kiev,UAH,Hryvnia,"['k,ru-UA,rom,pl,h']",380,.ua,#####,^(d{5})$,"['L,MD,HU,SK,BY,RO,R']",,,
9dd1a38c-56b0-46d0-b012-b1f6dbbb4fb8,PY,PRY,Paraguay,,Asuncion,PYG,Guarani,"['s-PY,g']",595,.py,####,^(d{4})$,"['O,BR,A']",,,
16f9769b-3afa-4f25-8469-e46ac832fa25,TC,TCA,Turks and Caicos Islands,,Cockburn Town,USD,Dollar,['n-T'],+1-649,.tc,TKCA 1ZZ,^(TKCA 1ZZ)$,,,,
33d3c3db-b051-48c1-a6ff-82e6e14e85d3,VN,VNM,Vietnam,,Hanoi,VND,Dong,"['i,en,fr,zh,k']",84,.vn,######,^(d{6})$,"['N,LA,K']",,,
e1997c03-73a5-46f9-8db5-676b3ed94c34,TR,TUR,Turkey,,Ankara,TRY,Lira,"['r-TR,ku,diq,az,a']",90,.tr,#####,^(d{5})$,"['Y,GE,IQ,IR,GR,AM,AZ,B']",,,
ab0d1cf1-3af2-4ed3-bff6-5ee9d2f927ec,KW,KWT,Kuwait,,Kuwait City,KWD,Dinar,"['r-KW,e']",965,.kw,#####,^(d{5})$,"['A,I']",,,
349dea94-c9fa-4500-98d4-42ed43787008,SM,SMR,San Marino,,San Marino,EUR,Euro,['t-S'],378,.sm,4789#,^(4789d)$,,,,
6f08cb3f-98b8-421d-ab0b-921c5ad3c34f,CG,COG,Republic of the Congo,,Brazzaville,XAF,Franc,"['r-CG,kg,ln-C']",242,.cg,,,"['F,GA,CD,CM,A']",,,
dcb4506b-7455-41d4-97ec-b7cdfcfe477f,MM,MMR,Myanmar,,Nay Pyi Taw,MMK,Kyat,,95,.mm,#####,^(d{5})$,"['N,LA,TH,BD,I']",,,
1dd2724d-09cb-40ab-bc83-cf20b65a269e,LT,LTU,Lithuania,,Vilnius,EUR,Euro,"['t,ru,p']",370,.lt,LT-#####,^(?:LT)*(d{5})$,"['L,BY,RU,L']",,,
